ท็อปเรดิโอ Top Radio FM93.5,http://a10.asurahosting.com:8250/radio.mp3?refresh=1751553164542
คลื่นความคิด FM96.5,http://e4hq2o44.mcot.net/FM965/fm965.stream_aac/chunklist_w949011144.m3u8
Always Christmas Radio,http://185.33.21.112:80/christmas_128
Klassik Radio,http://stream.klassikradio.de/christmas/mp3-128/radiode
Christmas Radio,http://cp1.hostcrate.com:8018
Christmas Tradional,http://listen.181fm.com/181-xtraditional_128k.mp3
Chou Chou,http://stream1.10223.cc:8025/chouchou_ch
Smooth Loungue,http://smoothjazz.cdnstream1.com/2586_128.mp3
Solo Piano Radio,http://pianosolo.streamguys.net/live
Unter uns gesagt,http://www.unter-uns-gesagt.de/download/song.mp3
Muddy's Music Cafe,http://muddys.digistream.info:20398
Got Radio,http://206.217.213.235:8040/
Chill Step,http://chillstep.info:1984/listen.mp3
Cinemix,http://kathy.torontocast.com:1190/stream
Radionomy,http://listen.radionomy.com:80/InstrumentalBreezes
Slow Radio,http://stream3.slowradio.com:80
Baroque,http://strm112.1.fm/baroque_mobile_mp3
Stereoscenic,http://radio.stereoscenic.com/ama-h
Comedy,https://a7.asurahosting.com:8430/radio.mp3
Mercy Kabaré,http://stream.mercyradio.eu:80/kabare.mp3
Mercy Rádió,http://stream.mercyradio.eu:80/mercyradio.mp3
Cool X Beat,https://mediagw.e-tiger.net:443/stream/coolfm
Danubius Rádió,https://stream.danubiusradio.hu/danubius_320k
Juventus Rádió,https://s2.audiostream.hu/juventus_320k
FM 103 Csillagpont Radio,http://streamer1.borsodweb.hu:48000/csillagpont
Rádió 1 Miskolc 96.3,https://icast.connectmedia.hu/5211/live.mp3
Rádió Most FM 91.2,https://webradio.ev2.hu:8202/live.mp3
Csaba Rádió FM 88.9,http://csabaradio.hu/csabastream
Rádió 1 Békéscsaba FM 104.0,https://icast.connectmedia.hu/5233/live.mp3
Start Rádió 98.4 FM,https://online.startradio.hu/start.mp3
Club Dance Online,https://stream.clubdance.online:8002/live.mp3
Chaos FM,http://chaosfm.hu:8000/chaosfm
Best FM Budapest 99.5,https://icast.connectmedia.hu/5101/live.mp3
Budapest Rock Rádió,http://s2.audiostream.hu/bdpstrock_192k
Jazzy Cool,https://radio.musorok.org/listen/jazzycool/jazzycool.mp3
Jazzy 90.9,https://radio.musorok.org/listen/jazzy/jazzy.mp3
InfóRádió 88.1,https://stream.infostart.hu/lejatszo/index.html?sid=1
Hír FM,https://n18a-eu.rcs.revma.com/wevb267khf9uv?rj-ttl=5&rj-tok=AAABj2U-Jv0A8cBnO6XhDym_mQ
Ez az a nap! Rádió,https://listen.radioking.com/radio/320174/stream/367817
Cool FM 107.3,https://mediagw.e-tiger.net/stream/coolfm?.mp3
Laza Rádió,https://stream.lazaradio.com/live.mp3
Klasszik Rádió 92.1,http://s04.diazol.hu:9600/live.mp3/
Karc FM,https://n14.rcs.revma.com/wevb267khf9uv?rj-ttl=5&rj-tok=AAABj2U-T7gARQE1YmKOzd9vxA
Jazzy Soul,https://radio.musorok.org/listen/jazzysoul/jazzysoul.mp3
Oxygen Italo Hits,https://oxygenmusic.hu:8443/oxygenitalohits_128
MR2 Petofi Radio,http://mr-stream.mediaconnect.hu/4738/mr2.mp3
MR1 Kossuth Radio,https://icast.connectmedia.hu/4726/mr1ex.mp3
MixRadio - Today's Hits,http://45.67.156.157:18006/live
MixRadio Retro Kedvencek,https://stream.phost.hu:8004/retro
Mex Rádió Deejay,http://s02.diazol.hu:8000/live.mp3
Oxygen Classic Rock,https://oxygenmusic.hu:8443/oxygenclassicrock_128
Oxygen Black Music,https://oxygenmusic.hu:8443/blackmusic_128
Oxygen Spencer Hill Zenék,https://oxygenmusic.hu:8443/oxygenspencerhillzenek_128
Oxygen Oldies,https://oxygenmusic.hu:8443/oxygenoldies_128
Oxygen Magyar Zene,https://oxygenmusic.hu:8443/oxygenmagyarzene_128
Oxygen Love Songs,https://oxygenmusic.hu:8443/oxygenlovesongs_128
Oxygen Lounge,https://oxygenmusic.hu:8443/oxygenlounge_128
Oxygen Kids,https://oxygenmusic.hu:8443/oxygenkids_128
Radio Café 98.0 FM,http://193.201.191.68:8080/radiocafe98_192k
Radio 1 FM 89.5,https://icast.connectmedia.hu/5201/live.mp3
Power Dance FM,http://stream1.nexusradio.fm/nexusdance.mp3
Poptarisznya Main Station,http://adas.poptarisznya.hu:8200/live.mp3/
Rocker Rádió,https://radio.garden/api/ara/content/listen/C4wOML00/channel.mp3
Retro Rádió,https://icast.connectmedia.hu/5001/live.mp3
Radio Sense,https://s03.diazol.hu:7012/stream.mp3
Radio Inside,http://s03.diazol.hu:7230/192
Rádió Groove,http://stream.unrealhosting.hu:35110/live.mp3/
Spirit FM 92.9,http://s01.diazol.hu:10050/spweb1.mp3
Sláger FM 95.8,https://slagerfm.netregator.hu:7813/slagerfm128.mp3
TOP FM — Base,http://live.topfm.hu:8000/base.mp3
TOP FM — Rádió,http://live.topfm.hu:8000/radio.mp3
Shine FM Radio,http://s01.diazol.hu:10040/stream/
Speed FM,https://radio.garden/api/ara/content/listen/BSk91ahl/channel.mp3
Gong Rádió,https://radio.garden/api/ara/content/listen/CdSZsD7j/channel.mp3
Sirius Rádió,https://radio.garden/api/ara/content/listen/juvAqnuJ/channel.mp3
Rádió Smile FM 89.9MHz,https://radio.garden/api/ara/content/listen/wGp3aKiQ/channel.mp3
Best FM 102.4,https://radio.garden/api/ara/content/listen/ON1dyN0k/channel.mp3
Aktív Rádió,https://radio.garden/api/ara/content/listen/GHKagIYF/channel.mp3
Sunshine Rádió 99.4 FM,https://radio.garden/api/ara/content/listen/UvgNIdk5/channel.mp3
Rádió 1 Nyíregyháza,https://radio.garden/api/ara/content/listen/drnEqhd1/channel.mp3
Mustár FM Rádió 89.6,https://radio.garden/api/ara/content/listen/Lk5zqcBh/channel.mp3
Debrecen Rádió FM95,https://radio.garden/api/ara/content/listen/aNmzjSEz/channel.mp3
X Rádió,https://radio.garden/api/ara/content/listen/5yNB3N6d/channel.mp3
Rock FM 320,https://icast.connectmedia.hu/5301/live.mp3
Rock 80 /320,https://mediastreamm.com/8134/stream
ROCK Rádió 79/320,https://443-1.autopo.st/79/RockRadio
Budapest Rock Rádió 320,http://stream.bdpstrock.hu/bdpstrock_320k
Rocker FM,http://rockerradio.online/live.mp3
DISCOMIX 320,https://play.discomix.ro/8002/stream
RADIOBOSS DISCO,http://c3.radioboss.fm:8018/stream
Trancelive 320,https://mscp3.live-streams.nl:8022/radio
Trance Athena 320,http://cast.streams.ovh:8008/stream
Mixrádió Trance 320,http://1mix.co.uk/trance/listenxh.m3u
Party Rádió Trance 320,https://www.partyviberadio.com:8061/;listen.pls
BASE FM 320,https://icast.connectmedia.hu/5401/live.mp3
Rádió 1 320,https://icast.connectmedia.hu/5023/live.mp3
Sunshine Live Rádió,https://stream.sunshine-live.de/dnb/mp3-192/stream.sunshine-live.de/play.m3u
Dubplate.fm,https://sc2.dubplate.fm/radio/8030/dnb/uhifi
PluszFM,http://93.114.66.9:8000/Nagyvarad
Best FM,https://icast.connectmedia.hu/5101/live.mp3
Bartók 320,http://mr-stream.mediaconnect.hu/4741/mr3.mp3
Klubbrádió,https://a7.asurahosting.com:8160/radio.mp3
Rádió 7,http://netradio.radio7.hu:8300/stream.mp3
Aktív Rádió,http://aktivradio.hu:8000/aktiv.mp3
Spirit FM,https://s01.diazol.hu:10052/spweb1.mp3
Manna FM,https://icast.connectmedia.hu/4780/live.mp3
FM 95 Debrecen,http://stream.webthings.hu:8000/fm95-x-128.mp3
Trend FM,https://radio.trendfm.hu/trendfm_192k
MMR Rádió SK,http://mp3.rtvslo.si:8000/mmr
Forrás Rádió,http://cloudfront44.lexanetwork.com:1540/forrasradio.mp3
Pannon Rádió,http://stream.unrealhosting.hu:4120/;
Sláger FM 320,http://slagerfm.netregator.hu:7812/slagerfm320.mp3
Rádió 24/320,http://stream.diazol.hu:35080/in.mp3
Tilos Rádió,http://stream.tilos.hu/tilos
Trió Rádió,http://tboy.hu:9090/stream
Szépvíz Rádió,https://szepvizfm.ro:8000/;
Friss Rádió,http://stream.frissfm.hu:10050/;
ISIS Rádió 320,http://online.kormendfm.hu/kormendlive
Alfa rádió,https://radioe.net:8443/alpha_high
Maxi Rádió,http://play.maxiradio.hu
Mustár FM,http://193.138.125.14:8500/;
Rádió Sansz,http://cloudfront44.lexanetwork.com:9054/;
Top FM,http://live.topfm.hu:8000/radio.mp3
Gong FM,http://stream.gongradio.hu:8000/gong-fm.mp3
Laza Rádió 320,https://stream.lazaradio.com/mulatos.mp3
Luxfunk black,http://luxfunkbroadcast.com/proxy/luxfunkblackmix/stream
Luxfunk Dance,http://luxfunkbroadcast.com/proxy/luxfunkdance/stream
Megadance Rádió,http://megadanceradio.hopto.org:8000/livemega.mp3
Super DJ Rádió,https://s03.diazol.hu:35150/autodj
Bias Rádió 320,https://admin.biasradio.com/radio/8000/live
Roxi rádió 320,https://s2.audiostream.hu/roxy_320k
Tempomax rádió 320,http://94.23.169.250:2060/live.mp3
Oxigen Classic Rock 320,https://oxygenmusic.hu:8443/oxygenclassicrock
Oxigen Italohits 320,https://oxygenmusic.hu:8443/oxygenitalohits
oxigen lounge 320,https://oxygenmusic.hu:8443/oxygenlounge
Oxigen love 320,https://oxygenmusic.hu:8443/oxygenlovesongs
Oxigen magyar zene 320,https://oxygenmusic.hu:8443/oxygenmagyarzene
Oxigen retro 320,https://oxygenmusic.hu:8443/oxygenoldies
Oxigen 80 évek 320,https://oxygenmusic.hu:8443/oxygenthe80shits
Oxigen 90 évek 320,https://oxygenmusic.hu:8443/oxygenthe90shits
Power fm,https://str3.openstream.co/2119
Tempomax rádió,https://stream1.virtualisan.net/prx/4810/live.mp3
Club Dance Vorbis,http://s02.diazol.hu:8002/live.ogg
Bias Rádió flac,https://admin.biasradio.com/radio/8000/flac